{
  "axis": {
    "RA": 170.0,
    "Dec": 40.0,
    "phi0": 135.0
  },
  "fit": {
    "A": 0.8077226028142328,
    "phi0": 224.96692910261692,
    "C": -0.0003095040779859115,
    "R2": -2.3549673985673856,
    "p_perm": 0.0008326394671107411
  },
  "params": {
    "nlon": 720,
    "nlat": 360,
    "step": 1,
    "reps": 400,
    "perms": 1200
  },
  "timing": 341.79
}