{
  "N_FRB": 100,
  "filters": {
    "DM_min": 800.0,
    "gb_abs_min": 20.0
  },
  "axis": {
    "RA_deg": 170.0,
    "Dec_deg": 40.0
  },
  "fit": {
    "A_obs": 10.768745889234125,
    "dA": 12.165797231707508,
    "phi0_obs_deg": 63.36334360307576,
    "dphi0_deg": 99.48986789999215,
    "C": -5.4794416698567785,
    "dC": 14.407552169853957
  },
  "permutation": {
    "N": 1000,
    "p_value": 0.999000999000999
  },
  "predictions": {
    "A_pred_pc_cm3": 110.0,
    "phi0_pred_deg": 135.0
  }
}