{
  "N_FRB": 100,
  "filters": {
    "min_abs_b": 20.0,
    "min_dm": 800.0
  },
  "axis": {
    "ra": 170.0,
    "dec": 40.0
  },
  "step": 1,
  "reps": 400,
  "psi_star": 86.0,
  "delta_star": -165.62608549019592,
  "A": 168.1299294109285,
  "phi0": 201.3048412828635,
  "C": 68.98750373017937,
  "R2": -0.49594212804497606
}